<?xml version="1.0" encoding="UTF-8"?>
<project-private xmlns="http://www.netbeans.org/ns/project-private/1">
    <editor-bookmarks xmlns="http://www.netbeans.org/ns/editor-bookmarks/2" lastBookmarkId="0"/>
    <open-files xmlns="http://www.netbeans.org/ns/projectui-open-files/2">
        <group>
            <file>file:/C:/xampp/htdocs/ProjekSalon1/asset/css/style.css</file>
            <file>file:/C:/xampp/htdocs/ProjekSalon1/application/views/salon_detail.php</file>
            <file>file:/C:/xampp/htdocs/ProjekSalon1/application/views/tampilan/footer.php</file>
            <file>file:/C:/xampp/htdocs/ProjekSalon1/application/views/salonlist.php</file>
            <file>file:/C:/xampp/htdocs/ProjekSalon1/application/views/sign_up/user.php</file>
            <file>file:/C:/xampp/htdocs/ProjekSalon1/application/views/kontak.php</file>
            <file>file:/C:/xampp/htdocs/ProjekSalon1/application/views/tampilan/header.php</file>
            <file>file:/C:/xampp/htdocs/ProjekSalon1/application/views/home.php</file>
        </group>
    </open-files>
</project-private>
